Project Name,Project Number,Project Type
1 Lower Common South,0325,
100 Holdenhurst Road,13505,Mixed Use
101 Murray Street,10110,Residential
110 West Heath Road,0042,Residential
"111 Buckingham Palace Road, Victoria",13280,Adaptive Reuse
1201 K Street,5230,Office
123 Judd Street Expansion,12800,Office
14A Konstitucijos Avenue,13045,Office
15-16 Minories,4720,Residential
151 East 60th Street NY,10960,Residential
161 Maiden Lane - NY,5480,Residential
19-35 Baker Street,10340,Mixed Use
1900 Crystal Drive,10440,Mixed Use
21-27 Ashley Road,11790,Mixed Use
210 South 12 Street,11980,Residential
22 Hanover Square,10670,Residential
23/24 LSA Design Think Tank,8000,
2300 Crystal,12445,Office
25 Park Lane,12720,Office
2525 Crystal Drive,12725,Office
260 Eleventh Avenue New York,11120,Office
29 Tite Street,13310,Residential
3 World Trade Center,5270,Office
30 Bay Street Toronto,11370,Office
300 New Jersey Ave Expansion,12020,Office
300 New Jersey Avenue,4680,Office
350 West Broadway,4710,Residential
36 Central Park South - NY,10490,Residential
4 Woodside Avenue,80007,
41 Commercial Road,12875,Office
425 Park Avenue,6740,Office
4445 Willard Avenue,6420,Office
551 West Chelsea,5060,Residential
"61 Ninth Avenue, New York",10630,Office
8 Chifley,5420,Office
88 Wood Street,1376,Office
99 Bishopsgate,13015,Office
Abbey National,4210,Office
Abengoa Bridge,5530,Transport
Abengoa Castellana,6620,Office
"Abengoa Extension, Seville",6760,Office
Abengoa Fitout,5540,Office
Abu Dhabi - 3rd Crossing,2160,Transport
Abuja Technology Village,5840,Office
Accra,3710,Masterplanning
Adaptaciones CPA,6580,Office
Adelaide Contemporary,11670,Cultural & Leisure
Adelshoffen - Schiltigheim Masterplan,6010,Masterplanning
Adhoc - Noxi,8000,
Adhoc - OMC,8000,
Adhoc Invoice - H & F,8000,
Adhoc Invoice - Montparnase,8000,
Adhoc Invoices - IAC,8000,
Adhoc-TGP,8000,
Adhoc-TGP,8000,
Adshel,3470,Transport
Aerospace Campus - Toulouse,5400,Masterplanning
Affordable Housing,5077,Residential
Air Terminal Farnborough,1010,Transport
Airport Berlin,4760,Transport
Aix En Provence,1330,Masterplanning
Akihabara Masterplan,2300,Masterplanning
Al Daayan Masterplan,12280,Health & Science
Albert Embankment,6390,Residential
Albert Embankment - Fire Station,4040,Civic
Alexandra Palace,2590,
Almada Eastern Riverside,3740,Masterplanning
Alpha Place,3760,Residential
Alta Velocidad Masterplan,5110,Masterplanning
Amano Research Laboratories,2770,R & D
Ancoats - Manchester,3320,Masterplanning
Ancoats Hospital Site,3322,Residential
Andhra Pradesh India,10990,Masterplanning
Annecy- France,6800,Cultural & Leisure
Antarctic Base,4730,R & D
Antwerp Law Courts,2850,Civic
Antwerp Masterplan,2851,Masterplanning
Aram Module,0002,Health & Science
"Architects, not  Architecture",8000,
Architectural Policy - Labour,0555,Other
Architecture Foundation,0777,Other
Architecture Salon Milan 91,1640,
Archives (RSHP LLP),0110,Internal
Archway Regeneration,3460,Masterplanning
Arden Central Modular,50036,Modular Housing
Arden Central Redevelopment,11975,Mixed Use
Ardersier Port,13020,Masterplanning
Arles les Minimes,13395,Masterplanning
Arno Bridge & Masterplan,2600,Masterplanning
Arno Masterplan,0301,Masterplanning
Arno Masterplan,12285,Masterplanning
Arnulfpark,4420,Masterplanning
Artem Nancy,5200,Masterplanning
Arundel Great Court,10510,Mixed Use
Arundel Great Court (North Site),11100,Mixed Use
Arundel Great Court (South Site),10970,
Ashford Designer Retail Outlet,2670,Retail
Assembly Square,13090,Residential
AstraZeneca - New Cambridge Site,10130,R & D
Atrio,5580,Masterplanning
Atrio Centro de Convenciones,12235,Cultural & Leisure
"Auditorio De Música, Málaga",5450,Cultural & Leisure
Aupec Competition,1440,Office
Autonomous House,0003,Residential
Axis Square,13095,Mixed Use
Aybrook Street,0038,Office
B & B Neighbours Negotiations,1502,Office
B & B Public Relations,1501,Office
B E T,0444,
B&B Italia,0004,Office
B6 Mercedes Fit-Out,1858,Office
B8 Flat Plan Amendments,1855,Residential
B8 Scope Additional Work,1857,Office
Baa Terminal 5 Category 1 Work,1060,Transport
Baa Terminal 5 Category 2 Work,1061,Transport
Bahia De Pasaia Masterplan,5830,Masterplanning
Ball Eye Quarry,4530,Masterplanning
Baltimore Project Management,1209,Cultural & Leisure
Bankside - Block D Hotel Option,4235,Hotels &  Restaurants
Bankside Cultural Quarter,4820,Cultural & Leisure
Bankside Yards,12035,Mixed Use
Bao An Airport Terminal 4,12595,Transport
Barajas T4 Expansion,12530,Transport
Barajas T4 Phase 2 Expansion,13465,Transport
Barangaroo  Masterplan Modification 6,6590,Masterplanning
Barangaroo Building C3,6320,Office
Barangaroo Building C4,6120,Mixed Use
Barangaroo Building C5,6125,Office
Barangaroo Central EOI,11030,Masterplanning
Barangaroo South Masterplan,6110,Masterplanning
Barangaroo Stage 1,5620,Mixed Use
Barangaroo Stage 2,5625,Masterplanning
Barangaroo Sydney,6100,Mixed Use
Barcelona & L'Hospitalet Law Courts,3650,Civic
Barcelona - Chamber of Commerce HQ,5460,Civic
Barcelona Diagonal,4830,Masterplanning
Barcelona Diagonal - Glorias,3430,Retail
Barcelona Lesseps Square,3380,Masterplanning
Barrow Street,2960,Masterplanning
Basil Street,3420,Masterplanning
Basildon Claim,0337,Other
Basildon Town Centre,50030,Modular Housing
Basingview BV 16,3391,Office
Basingview Masterplan,3390,Masterplanning
Bayeux Tapestry Museum,13215,Cultural & Leisure
BBB Centre,13415,Civic
BBC,0305,Office
BBC Scotland,3330,Office
BBVA,5670,Office
BCI Award,8000,
Beaubourg - Refurbishment,2250,Cultural & Leisure
BEEAH Hospital,13355,Health & Science
Beijing CBD Masterplan,6190,Residential
Beijing New International Airport,6510,Transport
Beirut Grand Theatre Hotel,5860,Hotels &  Restaurants
Beirut Orient Le Jour,6030,Mixed Use
Beirut Plot 20-02 Office,6020,Office
Belfiore - Fiat Competition,3830,Industrial
Belsize Lane,12475,Residential
Benchmark Development,5760,Residential
Bercy Charenton,6180,Masterplanning
Bercy Charenton Phase 2,12270,Masterplanning
Berezhkovskaya Embankment,13035,Office
Berkeley Hotel - Additional Fee Claims,4807,Hotels &  Restaurants
Berkeley Hotel - Demolitions Alterations,4805,Hotels &  Restaurants
Berkeley Hotel - Extension New Wing,4802,Hotels &  Restaurants
Berkeley Hotel - Fit Out,4804,Hotels &  Restaurants
Berkeley Hotel - Lower Scheme,4808,Hotels &  Restaurants
Berkeley Hotel - Main Entrance,4801,Hotels &  Restaurants
Berkeley Hotel - North Building Refurb,4803,Hotels &  Restaurants
Berkeley Hotel - Spa Fit Out,4806,Hotels &  Restaurants
Berlin - Treptow,2030,Masterplanning
Berlin Airport,2530,Transport
Berlin Competition,0640,
Berlin Exhibition,1590,Exhibition
Berlin Forum,6440,Cultural & Leisure
Berlin Olympics,1890,Recreation
Berlin Underground Station,2020,Transport
Bezos Learning Center,13100,Cultural & Leisure
Bfi Feasibility,2242,Masterplanning
Billingsgate - Modifications,1800,Recreation
Billingsgate Feasibility,2360,Recreation
Billingsgate Market,0341,Mixed Use
Biocitech Campus,13210,
Biocitech Campus,13210,R & D
Birmingham City Library,3730,Civic
Birmingham City Parkgate,4100,Mixed Use
Blackwall Yard - High Level Work,1520,Office
Bletchley Housing,6850,Residential
Bletchley Police and Fire Station,12910,Mixed Use
Blue Run Distillery,13175,Industrial
Blueprint Extra (japan),1610,Other
"Blythe House,  Kensington Olympia",13275,Mixed Use
Bodegas Protos,4150,Industrial
Bogota Philharmonic Palace,12275,Cultural & Leisure
Bogota Pompidou,11720,Cultural & Leisure
Bombay Sapphire Distillery UK,6060,Industrial
Bond Centre,3230,Cultural & Leisure
Bondway - Vauxhall,3680,
Bordeaux Additional Works,1993,Civic
Bordeaux Euratlantique,6200,Masterplanning
Bordeaux External Works,1995,Civic
Bordeaux Facade,1992,Civic
Bordeaux Law Courts,1990,Civic
Bordeaux Law Courts Fire,6220,Civic
Bordeaux Publicity,1994,Civic
Bosch,3160,Office
Boston Reserved Channel,12695,Masterplanning
Boulevard Circulaire,12765,Transport
Bovis - Europier,1966,Transport
Bovis - T1,1983,Transport
Bow Brickhill - Milton Keynes,3580,Masterplanning
BP 171 Talgarth Road,13370,Mixed Use
BP4 Canary Wharf,3416,Office
Bracknell Masterplan,4241,Masterplanning
Bracknell Northern Buildings,4242,Masterplanning
Bracknell Town Centre,4240,Masterplanning
Brau And Brunnen Hotel,1506,Hotels &  Restaurants
Brazil Airports,12160,Transport
Brent Cross South,11260,Office
Brentwood - British Gas Site,4050,Residential
Brentwood - NV Tools Site,3920,Residential
Brentwood - NV Tools Site 2,3921,Residential
Brescia Masterplan,5180,Masterplanning
Brewer Street,10540,Mixed Use
Brewer Street,3080,Office
Brewer Street (RD),10900,Mixed Use
Bridport Place,5890,Residential
"Brighton, King Alfred",3990,Recreation
Brisbane QIC,10780,Mixed Use
British Library Extension,11010,Mixed Use
British Museum WCEC,5370,Cultural & Leisure
British WCEC Book,10330,Internal
Brno Technology,1930,R & D
Broadgate 5,5415,Office
Broadway East Bethnal Green,11690,Residential
Broadwick House,2550,Office
Broadwick House Fit-out,2555,Office
Brochures General,5002,Internal
Bromley by Bow Gasworks,12135,Residential
Brook House - Mayfair,1770,Residential
Brookings Institution - Washington DC,10910,Education
Brownfield Sites,2830,Masterplanning
Brunswick Master Plan,1560,Masterplanning
Brunswick Wharf,0372,Masterplanning
Brussels Airport Business District,12610,Transport
BSF - Nottingham,5800,Education
Bucaramanga Masterplan,11840,Masterplanning
Bucharest 2000,2580,Masterplanning
Budapest Expo 95,1550,Masterplanning
Buena Vista,3340,Masterplanning
Burlington Gate,6780,Residential
Burrell Collection Competition,0005,Cultural & Leisure
Bussy St Georges,0660,Masterplanning
Buxin Towers,13000,Mixed Use
Buzzard Point - Washington,11180,Residential
BySteel Facade,12330,
Bysteel Facade,12330,Product Design
Cad Computer,0700,Internal
California Academy of Science,3050,Education
Cambrian Halls Of Residence,4500,Residential
Cambridge - Mitsubishi Project,2130,
Cambridge Judge Business School,6840,Education
Campus Palmas Altas,4990,Office
Can Gio Theatre,13170,Cultural & Leisure
Canada Water K1,50008,Modular Housing
Canada Water M1,50009,Modular Housing
Canada Water Stage 2,3970,Masterplanning
Canal +,1000,Office
Canary Pedestrian Footbridge,5362,Transport
Canary Riverside,5360,Office
Canary Riverside Hotel,3417,Hotels &  Restaurants
Canary Riverside Phase 2,3131,Office
Canary Riverside Revisited,3415,Office
Canary Riverside South - Additional Fees,5361,Office
Canary Wharf - Heron Quays,3411,Office
Canary Wharf - Pidemco,3130,Masterplanning
Canary Wharf Riverside South,3410,Office
Canary Wharf Towers,1080,Office
Cancer Centre at Guy's Hospital,6130,Health & Science
Cannon Street,2040,
Cannon Street Station,2440,Transport
Capco Project,11170,Masterplanning
"Capital House, Edgware Road",13270,Office
Capodichino Masterplan,5101,Masterplanning
Capodichino Metro Station,5100,Transport
Caracas Masterplan,6540,Masterplanning
Caracas Stadium,13485,
Caracas Theatre,6530,Cultural & Leisure
Cardiff - Wales Airport,1900,Transport
Cardiff Bay Redevelopment,0610,Masterplanning
Cardiff Central Quay,13110,Residential
Cardiff Crofts Street,50003,Modular Housing
Cardiff Plasmawr Road,50004,Modular Housing
Cardiff Star Centre Modular,50001,Modular Housing
Cardiff Thornhill Road,50002,Modular Housing
Carlton House,12205,Office
Carlton House Terrace,12205,Office
Castello - Piano Guida,2731,Masterplanning
Cavalaire Sur Mer,12935,Mixed Use
CB1 Cambridge Station,4940,Masterplanning
CB1 Concept Study,4942,Masterplanning
CB1 Leasehold Negotiations,4941,Masterplanning
CEC Shenzen Bay HQ,12390,Office
CECEP Development,12500,Mixed Use
CEMEX Fulham Riverside,13140,Residential
Cemusa,3930,Transport
Central Milton Keynes,3270,
Central Terminal Area,2970,Transport
Central Warsaw Airport Client Side,12450,Transport
Centre Building at LSE,10190,Education
Centre Commercial St Herblain,0370,Retail
Centre for Dental Medicine,12565,Health & Science
Centre Pompidou,0099,Cultural & Leisure
Centro De Negocios Pt Cartuja,5750,Office
Cersaire 2018,8000,
Challenger Site South Nevada,50021,Modular Housing
Chalupkova Bratislava,13580,Residential
Chamartin Station,12360,Masterplanning
Changfeng Residential,6350,Residential
Changfeng Site,10660,Residential
Changi T5 Singapore,11190,Transport
Channel 4,1460,Office
Channel 4 - Abortive Work,1462,Office
Channel 4 - Site Supervision,1461,Office
Channel 4 Logo,1463,Office
Channel 4 Rebranding,1464,Office
Charlton Riverside,12015,Masterplanning
Chase Plaza Jakarta,11480,Mixed Use
Chateau Lafite Rothshild,12710,Industrial
Chelmsford College,5212,Education
Chelsea Barracks,5280,Residential
Chelsea F.C.+ W.E.I.R,0502,Recreation
Cheng Du Masterplan,5980,Masterplanning
Chengdu Longhau,6700,Mixed Use
Chengdu Luoma TOD,12380,Mixed Use
Chessington St Mary's,11320,Residential
Cheval Thorney Court,13335,Residential
Ching Fu Group Headquarters,4980,Office
Chiswick Park,1455,Office
Chiswick Park - A B Feasibility,1451,Office
Chiswick Park - Buildings 4 and 5,4620,Office
Chiswick Park - Buildings 6 and 7,4623,Office
Chiswick Park - Buildings 8 and 9,4625,Office
Chiswick Park - North Decking,10150,Office
Chiswick Park B3 Tenant Requirements,1457,Office
Chiswick Park Building 7,4628,Office
Chiswick Park Development - Exhibition,1456,Office
Chiswick Park Development - Phase 2,1458,Office
Chiswick Park Development - Phase 3,1459,Office
Chiswick Park Management Suite,4627,Office
Chiswick Park North Kiosk,4629,Office
Chiswick Park Pedestrian Footbridge,1454,Transport
Chiswick Park Scheme 2,1450,Office
Chiswick Phase 3 - Buildings 6 and 7,1452,Office
Chongqing Centre,6710,Mixed Use
Chongqing Centre Marketing Suite,10040,Office
Chongquing Airport,5770,Transport
Christopher Columbus Add/work,1201,Cultural & Leisure
Christopher Columbus Centre,1200,Cultural & Leisure
CHU Paris,12355,Health & Science
Circle,5240,Health & Science
Citibank HQ Interiors,12290,Office
City Academy - Liverpool,3660,Education
Cityscape Changfeng,13165,Mixed Use
CKS 1,5990,Residential
Claridges Hotel Public Realm,12180,
Clere Street,4450,Residential
CMT - TIQ Building S5,11070,Office
CMT - TIQ Building S6,11080,Office
CMT - TIQ Building s9,11380,Office
Coin Street,0194,Masterplanning
Collins House,50016,Modular Housing
Colne Valley Masterplan,1790,Masterplanning
Commonwheel Live Share,11740,
Conference Hall And Hotel - Mallorca,4850,Hotels &  Restaurants
Convoys Wharf,3600,Masterplanning
Convoys Wharf 2,3601,Masterplanning
Convoys Wharf 3,3603,Masterplanning
Corby Civic Centre,4650,Civic
Cordis Hotel Kunshan,12830,
Covel Wells - Chelmsford,3820,Residential
Cowes Waterfront,4510,
CR Land Chimelong,13380,Mixed Use
CRC Haikou MIXC,12675,Mixed Use
Creation Of Zac Nice Plaine 2,1424,Masterplanning
Creek Vean,1130,Residential
Croydon - Wellesley Road,4070,Masterplanning
Croydon Millennium Walk,2500,Masterplanning
Crystal City Washington,11600,Office
"Cumberland Terrace, Toronto",6680,Residential
Cupertino Square Masterplan,10770,Masterplanning
Curtin University STEM Building,12250,Education
Custom House Sites,12060,Masterplanning
Daan Pool House,10560,Recreation
Daimler Chrysler - Claims,1859,
Daimler Chrysler - Housing,1853,Residential
Daimler Chrysler B8 Stair,1856,Office
Daimler Chrysler Office and Retail,1850,Office
Daimler Chrysler Offices,1851,Office
Daimler Chrysler Residential,1854,Residential
Daiwa - Additional Services,1377,Office
Daiwa / Shelly House,1375,Office
Daiwa Europe House - Scheme 1,1370,Office
Daiwa Listing,1373,Office
Daiwa P R,1372,Office
Daiwa Planning Brochure,1374,Office
Daiwa Strategy,1371,Office
Dallas Museum of Art,13340,
Damascus Airport,6260,Transport
Daning Heritage District,12430,Mixed Use
Danone Saclay Expansion,12915,Office
DAP Light,13470,
Darling Harbour,5080,Masterplanning
Davenport Green - Manchester,4180,Masterplanning
Daxing Convention Centre Masterplan,13285,Masterplanning
DCC Framework,12155,Residential
DCN - Madrid,10460,Masterplanning
DCN Madrid PR Material,12410,Masterplanning
DCN Public Space,12455,Other
Denver Union Terminal,3670,Masterplanning
Deptford Station,4170,Residential
Derby Town Centre,4540,Masterplanning
Desborough Wycombe,11540,Residential
Design Museum Exhibition 2008,7107,Exhibition
Design Research Unit Extension,0007,Office
Design Resources,0103,Internal
DFM - Design For Manufacture,5070,Residential
Doctors of the World,11400,Health & Science
Doha Museum,2750,Cultural & Leisure
Doha Port Cruise Terminal,11970,Transport
Dome - Glue,2616,Other
Domino Site B,13290,Office
Doolan Awards,8000,
Doorhandle,2070,Product Design
Dortmunder U,2010,Transport
Dortmunder U - Bb Studies,2011,Transport
Double Cove,5970,Residential
Dr Lopez Ibor Health Centre,4920,Health & Science
DTEK Level 45 Fit Out,12785,Office
Dublin Airport Terminal 2,5160,Transport
Dublin Housing,2940,Residential
Dundee contemporary Art Centre,80005,
Dunhua North Road,13255,Mixed Use
Dunhua Tower,13450,
Dunhua Tower,13450,Residential
Dunkerque - City Centre,1482,Masterplanning
Dunkerque - Neptune,1481,Masterplanning
Dunkerque Neptune,1480,Masterplanning
Dynacity - Seta,5600,Residential
Eade Road,50022,Modular Housing
Earls Court,11390,Masterplanning
Earls Court EC2 Plot,13225,Residential
Earls Court Redevelopment Masterplan,12515,Masterplanning
East London Arts and Music,10480,Education
East Manchester Strategic Masterplan,3030,Masterplanning
"East River Waterfront, NY",4360,Masterplanning
East Xinqiao Masterplan,12210,Masterplanning
Eastern City Cluster,8000,
Ebbsfleet,2380,Transport
Ebbsfleet South,4110,Masterplanning
EC Grant - Daimler Chrysler,1852,Office
Ecoquartier Seine,12820,Masterplanning
Edgar Road,11290,Residential
Edgware Broadwalk Masterplan,50027,Modular Housing
Edward Street - Deptford,11350,Residential
Eec - Joule,2121,Office
Eiffel Tower Redevelopment,11920,Civic
Eindhoven Masterplan,3490,Masterplanning
El Canaveral - Madrid,5380,Masterplanning
Elan Research Institute - Dublin,3000,R & D
Electric Vehicle Charging,12095,Utilities
Electronic Arts,2740,Office
Electronic Document Mgmt Systems,0556,Internal
Elias Residence,1341,Residential
Elizabeth House - Waterloo,11570,Mixed Use
Elizabeth Quay - Perth,10390,Mixed Use
Empire Road Residences,12420,Residential
"English Industrial Estates, Gateshead",0006,Office
Enm Bordeaux,1991,Education
Epamarne,1300,Masterplanning
Epamarne 2,1301,Masterplanning
EPFL Advanced Science Building,13195,Education
EPFL Education Hub,13300,Education
Epone,0368,Retail
ESET Headquarters Campus,12365,Office
Esselunga Retail,11800,Retail
Estacion de Autobuses y Parque - Caracas,10180,Transport
Este - Valladolid,4870,Masterplanning
Etoile Strasbourg,1510,Masterplanning
Euralille,1320,Office
"Euralille-tour "" Voix Du Nord""",1321,Office
Euro Airport Basel,12025,Transport
Eurocarree Frankfurt,2391,Transport
European Court of Human Rights,1120,Civic
European Investment Bank - Luxembourg,3750,Office
European Patent Office,4550,Office
European School of Osteopathy- Maidstone,6730,Education
Europier - 3D,2140,Transport
Europier - Additional Fees,1961,Transport
"Europier, Heathrow",1960,Transport
Euston Station,5490,Masterplanning
Evergrande Water World,12075,Retail
Ex Alitalia Site,4390,Mixed Use
Exhibitions - General,7100,Exhibition
Extension Task Force Work,2833,Other
Fairfield Halls - Croydon,3950,Mixed Use
Falkirk Schools,5040,Education
Farglory,5630,Office
Farglory Masterplan,6160,Masterplanning
Farnborough Masterplan,1011,Masterplanning
FC Barcelona,10820,Recreation
FeliCity Development,12400,Mixed Use
Financial Times Competition,0377,Office
Finsbury Market,3980,Retail
First Base,4010,Residential
First Nations Archive,13540,
First United Methodist Church,0008,Cultural & Leisure
Fish Lake,12320,Masterplanning
Fishermans Bend,12145,Residential
Flats - Hampstead,1630,Residential
Fleet Air Arm Museum,0041,Cultural & Leisure
Fleet Street Estate,12065,Civic
Fleetguard,1750,Industrial
Floating Restaurant,0361,Hotels &  Restaurants
Florence Lecture,7002,Internal
Floridian Palace,12175,Residential
Floridian Palace,12175,
Flour Mills,2100,Residential
FNC,6080,Civic
Fore Street,50005,Modular Housing
Forest City Masterplan,12990,Masterplanning
Four Seasons Hotel Taipei,12335,Office
Foxhill,50013,Modular Housing
Franco British Hospital,13005,Health & Science
Frankfurt Am Main,1830,Office
Frankfurt Gallus-Park,1860,
Frankfurt Tower,3070,Office
Free Trade Wharf Development,0214,Residential
Fubon D1 Taipei,10950,Residential
Fubon D3 Taipei,11420,Residential
Fubon Group HQ - Taipei,10570,Office
Fubon Insurance HQ,12200,Office
Fubon Life Nangang Development,12690,Mixed Use
Fubon Tainan,11510,Residential
Fuji Restaurant,2690,Hotels &  Restaurants
Fujisawa - Tokyo,0510,Office
Fulham Wharf - London,5320,Office
Futurum X,1240,Hotels &  Restaurants
Gambia Street,3870,Masterplanning
Gare de Lyon - Daumesnil,10550,Masterplanning
Garellano - Bilbao,11580,Masterplanning
Garellano Bilbao Phase Two,12045,
Garellano Masterplan,5660,Masterplanning
Gemdale Development,12590,Mixed Use
Geneva Airport - Project RD,6247,Transport
"Geneva Airport, Aile Est",6240,Transport
Geneva Childrens Hospital,12890,Health & Science
Gifu Masterplan,9010,Masterplanning
Gillette Corner - Isleworth,10350,Masterplanning
Gillette Studios Masterplan,12345,Mixed Use
Glasgow Bidge New Feasibility Study,4311,Transport
Glasgow Bridge,4310,Transport
Glasgow High School,80004,
Glasgow Transport Museum,4750,Cultural & Leisure
Glass Reinforced Cement Research,0009,R & D
Goodwoof,8000,
Granada Masterplan,4860,Masterplanning
Grand Euralille,13070,Masterplanning
Grand Marnier Visitor Centre,11810,Recreation
Grand Marseille - Metropolitan Study,10720,Masterplanning
Grand Paris,5500,Masterplanning
Grand Paris,5505,Masterplanning
Grand Paris 2,5506,Masterplanning
Grand Union Building,2906,Mixed Use
GRC Head Offices Lyon,0590,Office
Grc Head Quarters No. 2,1190,Office
Great West Road,13515,Mixed Use
Greater London Authority,3240,Other
Gree Gas Station,12215,
Gree Sijing,11250,Residential
Green Gables Evesham,11300,Residential
Greenwich - Baby Dome,2617,Recreation
Greenwich - Site Wide Masterplan,2612,Masterplanning
Greenwich Mas - Mex Site,2613,Recreation
Greenwich Masterplan,2610,Masterplanning
Greenwich Mpl - North Site Review,2615,Recreation
Greenwich OSM Provider,50006,Modular Housing
Greenwich Peninsula Hotel,4910,Hotels &  Restaurants
GRIPS,3350,Education
Grosvenor Docks,3280,Masterplanning
Grosvenor Rd Special Services,1271,Residential
Grosvenor Riverside,1273,Residential
Grosvenor Road,1270,Residential
Grosvenor Road,2510,
Grosvenor Road Marketing,1272,Residential
Guangdong-Hong Kong-Macao Youth Entrepre,12115,Office
Guangzhou Railway Station,4560,Transport
Guangzhou Sightseeing Tower,4570,Recreation
"Guangzhou University City, China",4030,Masterplanning
GUB Efficiency Audit,2908,Office
GUB Marketing Update,2907,Office
Guggenheim Helsinki,10740,Cultural & Leisure
Guildford - Bedford Road,4080,Masterplanning
Guildford Exchange,3790,Mixed Use
Guimarães 2023,8000,
Guiwan Apartment Towers,12300,Residential
Guoshen Museum,12550,Cultural & Leisure
Gyeong Gi Do,5880,Civic
Gypsy Corner Redevelopment,5850,Mixed Use
H-FARM,11230,Education
Haiya Mixed Used Development,12740,Mixed Use
Hamburg - Three Sites,2320,Masterplanning
Hamburg Holzhafen,2260,Masterplanning
Hammersmith & Fulham Civic Campus,11490,Mixed Use
Hammersmith - CMT Facades,11491,Mixed Use
Hammersmith - CMT Inclusive Design,11492,Mixed Use
Hammersmith BID Public Realm,12885,Civic
Hammersmith CMT New Build,11493,
Hammersmith CMT Town Hall,11494,
Hammersmith CMT Town Hall,11494,
Hangzhou Central Axis Masterplan,13455,Masterplanning
Hangzhou Grand Convention Centre,12685,Mixed Use
Hangzhou Museum Vanke,12140,Cultural & Leisure
Hangzhou Qiantang Bay CBD,12810,Masterplanning
Hanover Square CMT,10675,Residential
Haringey,3960,Masterplanning
Haringey Warehouse - Unit D,50023,Modular Housing
Haringey Warehouse District Masterplan,50024,Modular Housing
Haringey Warehouse Living,50017,Modular Housing
Harrow Appi School,12225,Education
Harvard Allston,4440,Education
Harvard Law School,4445,Education
Harvard University Science Building,5050,Education
Hayes Station,3570,Masterplanning
HCS Montpelier,3770,
Health Campus Granada - Spain,5290,Health & Science
Heathrow - Framework,1063,Transport
Heathrow - Terminal 1,1980,Transport
Heathrow Air Traffic Control Tower,1066,Transport
Heathrow Express,2000,Transport
Heathrow Innovation Partners,12010,Transport
Heathrow T5 - Scheme Dev Studies,1064,Transport
Heathrow T5 Multi-level,1062,Transport
Heathrow T6,11090,Transport
Heathrow Terminal 5,1065,Transport
HEC Campus Saclay,13400,Education
Henan Airport,10850,Transport
Henderson House,6400,Residential
Heron Quays West Revisited,5365,Office
Hertsmere House Redevelopment,11985,Mixed Use
Herzeliah,2450,
Hesperia Hotel,2930,Hotels &  Restaurants
Highwealth Taichung Residential,13180,Residential
Highwealth Tianmu Residential,13185,Residential
Hirshhorn Museum Renovation,12490,Cultural & Leisure
HOK Architects,2295,Other
Holland Park Housing,3220,Residential
Holly Frindle,2821,Residential
Holly Frindle,2820,Residential
Home Park - Lewisham,11340,Residential
Homefield School,0010,Education
Homeshell,10160,Residential
Hong Kong Airport,1670,Transport
Hong Kong Exhibition,7114,Exhibition
Hong Kong-Zhuhai-Macao Bridge,6360,Transport
Horse Soldier Bourbon Distillery,12605,Industrial
Hospital Hospitalet De Llobregat,5820,Health & Science
Houhai Commercial Development,11630,
House Account,0101,Internal
Housing Research,3605,Residential
"Housing, Healy Homes",0011,Residential
HS2,11280,Transport
HS2 Peer Review,13500,Transport
Huangshan - China,6550,Residential
HUARUN,10920,Masterplanning
Huawei Baicaoyuan Campus,12985,R & D
Hubei Supertower,12670,Mixed Use
Hudson Street NY,0351,Office
Huguenot House,12165,Residential
Huilai Road Luxury Residential Project,13205,Residential
Huimin 83,13265,
Hulley & Kirkwood,1965,
Human Resources - LLP,0114,Internal
Human Scale Remeasured,8000,
Humane Rescue Alliance,11450,R & D
Hungerford Car Park Site - Rug,2248,Transport
Hurley Robertson Associates,2109,Other
Hurlingham Wharf,12625,Mixed Use
Hutter Jennings Titchmarsh,1984,
Hyde Park Barracks,10530,Residential
Hypo Bank - Frankfurt,2200,Office
Hypo Bank - Munich,2090,Office
I-Shou Tower,5025,Civic
I-Shou University Library,5020,Education
Iberia Headquarters,6380,Office
Iikura - Tokyo,0508,Office
IJW Whiskey Distillery,13120,Mixed Use
Ile Seguin,12375,Office
Ilford - Unity Square,4120,Residential
Impact Capital Modular,50031,Modular Housing
Industrialised Housing,1530,Residential
Inland Revenue - Nottingham,1680,Office
Inmos Microprocessor Factory,0200,Industrial
INNO Home,50028,Modular Housing
INNO Marketing,11940,Residential
Innotech Interior Design,12620,Other
INSW - Infrastructure New South Wales,8000,
Intelligent Architecture,2330,Other
International Quarter London,10380,Masterplanning
International Spy Museum,10700,Cultural & Leisure
International Towers Barangaroo,11360,Office
Ionity EV Charging Stations,12995,Transport
IQL Building N21 - Stratford,11130,Office
IQL Building N22 - Stratford,11140,Office
IQL Building N23 - Stratford,11150,Office
IQL Building S3,11610,Office
IQL Masterplan - North,11200,Masterplanning
IRCAM,0012,R & D
ISS Support Services,8000,
IT,0102,Internal
It Department LLP,102,
JAC Scheme,4780,Residential
Jacob K Javits Convention Center,5140,Cultural & Leisure
Jaffe House,0013,Residential
Jamie Oliver Food Experience,6600,Mixed Use
"Jimbocho, Kanda",0514,Hotels &  Restaurants
Jingdong HQ,13025,Office
Jinhua City Cultural Centre,12965,Cultural & Leisure
JLD Lakeside East Precinct,13315,Masterplanning
JP Morgan Park Avenue HQ,11870,Office
JPC Cleaning,8000,
K2 - Tenants Requirements,2111,Office
Kabuki-Cho Tower,0509,Office
Kadeco Strategic Masterplan,12865,Masterplanning
Kaohsiung Central Park,4205,Civic
Karet Development,12385,Mixed Use
Kensington,4610,
Kentish Wine Vault,12680,Industrial
Kentucky Owl Distillery,11680,Industrial
Kersfield,50015,Modular Housing
Keski-Pasila Helsinki,6450,Mixed Use
Kew Bridge Housing,2660,Residential
Kimmerfields Masterplan,50019,Modular Housing
King Salman Park Vertical Gardens,12845,Industrial
Kingboard Commercial Tower - Qianhai,11750,Mixed Use
Kings Cross Masterplan,3100,Masterplanning
Kings Dock - Arena,1400,Recreation
Kings Dock - Hotel Complex,1391,Hotels &  Restaurants
Kings Dock - Phase 1,1380,Masterplanning
Kings Dock - Sports Museum,1385,Cultural & Leisure
Kings Dock Masterplan,1390,Masterplanning
Kita Aoyama Project - Mitsui Competition,4970,Office
Kita Kyushu Airport,4190,Transport
Knoll,1410,Product Design
Koahsing - Millennium,3020,
Kodak Q21,12090,Mixed Use
KONE Showroom Lifts,12525,Other
Konigs Wusterhausen,1710,
Krakow City Manifesto - Poland,10370,Masterplanning
Krasnodar,5570,Mixed Use
Kunming,6630,Mixed Use
L'Enfant Plaza,6640,Office
L'Enfant Plaza - Office Development,10710,Office
La Coruna Rail Interchange,6370,Transport
La Coupole,12770,Other
La Croisette Cannes,12790,Masterplanning
La Defense Faubourg de l Arche,13135,Masterplanning
La Marina Masterplan,5790,Masterplanning
La Moraleja,4320,Residential
La Rinconada Bus Station,13585,Transport
Laing O'Rourke Strategic Consultant,10060,Other
Landmark House,11060,Mixed Use
"Lane End, Dartington",50011,Modular Housing
Lansdowne House (Project Aleph),12105,Office
Lansdowne Road Stadium - Dublin,4890,Recreation
Las Arenas,3250,Mixed Use
LAX Terminal 9,13405,Transport
Lea Valley and Olympics,4220,Masterplanning
Leadenhall Street No 122 Phase 2,3511,Office
Leamann Site - Northgate,4700,Masterplanning
Leather Gardens Newham,10200,Residential
Ledbury Southwark,10930,Residential
Leipzig Masterplan,1720,Masterplanning
Les 3 Frontieres,5300,Retail
Leuven Railway Station,3040,Transport
Lewisham Gateway,4280,Masterplanning
Lewisham Mayfield,11330,Residential
Lewisham Tower,4350,
Liantai International Centre,12580,Mixed Use
Liberty House,13250,Mixed Use
Libya Ministry Of Tourism,5730,Masterplanning
Libya Tripoli Centre,5740,Masterplanning
Lifschutz Davidson,2310,Office
Lille Airport,1470,Transport
Lille Region Nord,3120,Office
Limekilns Riverside development,80006,
Limited Edition Print Sales,4060,Other
Linford Christie Stadium,12850,Sport & Arenas
Linn Products,0340,Industrial
Linz,2350,Masterplanning
Lisboa Airport,5720,Transport
Livingstone,2700,
LivShare - Manufactured Housing,11640,Residential
Llandudno,5220,Office
Lloyd's Book,1430,Internal
Lloyd's Glazing 2010,6090,Office
Lloyd's of London,0170,Office
Lloyd's Register,1975,Office
"Lloyd's Register Of Shipping, Liphook",1970,Office
Lloyds - Corrosion,0172,Office
Lloyds of London Refurbishment,10090,Office
Lloyds Register Upgrade,13080,Office
Lloyds Registry- Steelwork Refurbishment,6820,Office
Logicom Global Headquarters,11650,Office
Lok Wo Sha - Phase 5,5976,Residential
Lok Wo Sha - Phase Two,5975,Residential
London as it could be,0338,Masterplanning
London Hotel Bayswater Road,3060,Hotels &  Restaurants
London Millennium Exhibition,2246,Masterplanning
London Park Hotel,3450,Hotels &  Restaurants
Londres Et Le Touquet S.a.,1250,
Longcross Street Cardiff,50034,Modular Housing
Longley House,50007,Modular Housing
Longsheng Huaxing Tower,11760,Residential
Longyang Road-PingAn Development,12170,Office
Lots Road,2880,
Louvre Conservation Centre,10620,Cultural & Leisure
Low Energy Application,2127,Other
Low Energy Building,2120,Other
Low Energy Database Research,2126,Other
Loyola EDF.F. Seville,6750,Office
Loyola University at Abengoa,6330,Office
LR Alternative Sites 2,1973,Office
LR Interim,1971,Office
LR Mark 2,1974,Office
LR Public Inquiry,1972,Office
LSE Bankside Student Housing,13565,Residential
Luttrells Ltd,0108,
Lyme Regis Modular,50032,Modular Housing
Lyon Tgv,1070,Transport
Lyon-Saint Exupery Aeroport,6790,Transport
M D A,1989,
Maantis Lighting System,4300,Product Design
MAB - Frankfurt,3850,Office
Macallan Distillery Book,13350,Industrial
Macallan Estate HQ,13115,Mixed Use
Macallan Masterplan,10310,Masterplanning
Madison Square,6410,Office
Madrid - Barajas,2641,Transport
Madrid Airport Competition,2640,Transport
Maeda Factory,2060,Industrial
Maeda Factory,9070,Industrial
Maeda Factory 2,2065,Industrial
Maeda Gatehouse,3360,Cultural & Leisure
Maggie's Centre Book,10650,Internal
Maggie's West London,3610,Health & Science
Maidenhead Industrial Units,0309,Industrial
Makuhari Exhibition,1920,Cultural & Leisure
Malpensa,3180,Masterplanning
Maluanwan Central Island Masterplan,12545,Masterplanning
Manchester Civil Justice Centre,3620,Civic
Manchester Millennium Village,3321,Residential
Manchester Southern Gateway,3520,Masterplanning
Mantova - Ex Stadio Martelli,4520,Masterplanning
Mantova Masterplan,4525,Masterplanning
Manufactured Housing Enquiries,11115,Residential
Marine Hotel,5440,Residential
Marker Building - Brno,1935,
Market Place Romford,12570,Mixed Use
Market Street Development - Singapore,5470,
Markische Strasse,2720,
Marseille - Mushrooms,0631,Transport
Marseille Alcazar,1490,Masterplanning
Marseille Prado,1690,Cultural & Leisure
Marseille Provence Airport,0630,Transport
Marseille Provence Airport (AMP),11220,Transport
Maryah Plaza,6310,Mixed Use
Massy,0391,Retail
Masterplan La Rinconada - Caracas,6670,Masterplanning
Masterplanning,0107,Masterplanning
Matabiau Intermodal Exchange Hall,13325,Mixed Use
Maydew,50014,Modular Housing
Mc Colls,1985,
Melbourne Airport Station,13245,Transport
Merano,6560,Residential
Meridien 2 Monaco,10580,Residential
Metro San Sebastian,6430,Transport
Metro Tunnel Project,11550,Transport
Metropolitan Housing,5079,Residential
Metropolitana Linea 1 S Maria Del Pianto,5105,Transport
Meudon,3300,Masterplanning
Mex Central Show,2614,Recreation
Mexico City Airport,10320,Transport
Mexico City Airport Masterplan,10100,Transport
Mezzanine Kitchen,0557,Internal
MGM City Center,5130,Masterplanning
Michael Elias' House,1340,Residential
Middlesex University,3840,Education
Midtown West Development NYC,6040,Office
Mike Davies Chartiable Settlement,8000,
Mike Davis - Personal,0410,Internal
Milan Fiera,4290,Residential
Millbank Riverside Housing,0014,Residential
Millennium Communities Competition,2831,Other
Minami Yamashiro Elementary School,2460,Education
Minami Yamashiro Primary School Revision,2465,Education
Minoco Wharf - Royal Docks London,5350,Masterplanning
Mipim Exhibition,7102,Exhibition
MK Gateway,12730,Mixed Use
MM21 - Yokohama,2480,Transport
MMC Research,50000,
Modern Art Museum Linz,2870,Cultural & Leisure
Modular Construction Guide,11440,Residential
Montevetro,2101,Residential
Montparnasse,12005,Masterplanning
Montparnasse Public Spaces,13480,Civic
Montpellier Business School,12755,Education
Montpellier Orange,13495,Health & Science
Montreuil,1740,
Moon Bahamas,4950,Mixed Use
Moorfields Eye Hospital,12080,Health & Science
Mori Tower - Japan,3890,Mixed Use
Morland Paris Réinventer,10730,Mixed Use
Moscow Exhibition,7110,Exhibition
Mossbourne 6th Form,3695,Education
Mossbourne Academy-Rowing & Music Centre,10800,Education
Mossbourne Community Academy,3690,Education
Mossbourne-VPA,10030,Education
Moto Akasaka Residence,13535,Residential
MUCFC HQ Tower,12110,Office
Mumbai Airport,4840,Transport
Munich,1820,Office
Murray Mews Housing,0015,Residential
Museo De Ciencia Y Tecnología En Alcudi,5430,Cultural & Leisure
Museum of Arts and Fabrics,12405,Cultural & Leisure
Muzha Taipei,6690,Masterplanning
Myatts Field,4400,Health & Science
Nanjing Yuhua,12900,Mixed Use
Nankan Tyre Development,11700,Mixed Use
Nanning Airport T3,12835,Transport
NAPP Laboratories,0016,Industrial
Nara Trienalle - Japan,1730,
NAT Madrid Fitout,2645,Transport
National Assembly for Wales,2910,Civic
National Assembly for Wales,4000,Civic
National Assembly for Wales Revisions,2913,Civic
National Children's Hospital - Dublin,10400,Health & Science
National Football Stadium,10170,Sport & Arenas
National Gallery Extension,0219,Cultural & Leisure
National Housing Trust,0666,Residential
National Library Conservation Centre,13390,Civic
Navi Mumbai International Airport (NMIA),11410,Transport
NAW - Accessibility,4006,
NAW - Energy Research,4004,
NAW - Furniture,4003,
NAW - Masterplan,4005,
NAW - Site Accident,4002,
NAW 2 - Arts Advisory,4001,
NAW Masterplan,2911,Masterplanning
NAW Public Information Campaign,2912,Civic
NDIA Extension-Doha,10000,Transport
NEC Pavilion,2890,
NEO Bankside,4230,Residential
NEOM Iconic Railways Stations,12735,Transport
NEOM Modular,50026,Modular Housing
NEOM Sindalah Island Masterplan,12750,Masterplanning
Neoma Business School Reims,12925,Education
New Covent Garden Market,6340,Mixed Use
New Florence Bridge Competition,2860,Transport
New Garden House,3200,Office
New Jeddah Downtown,12780,Cultural & Leisure
New Kojun Building,3720,Office
New Sea Containers House,5511,Office
New Train Station in Ourense,6520,Transport
New Wembley Pedway,3865,Masterplanning
New York Office,0561,Internal
Newcastle West End,3150,Masterplanning
NHK - Osaka,2490,
Nice Acropolis,12955,Cultural & Leisure
Nice Plaine 2,1421,Masterplanning
Nice Plaine 2 - Phase 2,1422,Masterplanning
Nice-Plaine 2 Masterplanning,1420,Masterplanning
Nieuwegein,3260,Masterplanning
Nieuwpoort,6280,Mixed Use
Nimes Congress Hall,12220,Civic
Ningbo Gateway,5950,Residential
Ningyo Cho,0511,
Nippon Television Headquarters,2790,Office
Nissan Atsugi TC,4740,Industrial
Nivalis Masterplan,12040,Masterplanning
No Job,1931,
No. 33 Park Row,10610,Residential
North Catalinas Development,11850,Office
North Catalinas Phase 2,12905,Office
North Park Houston,0323,Retail
North Westminster Community School,4630,Education
Nott Street Cement Works,13460,Mixed Use
Novoli,0043,Residential
"NTT Kyoto, Shin-Poh-Kan Shopping Centre",2990,Retail
Nueva Estacion De Huelva,6290,Transport
NWRL - Sydney,10120,Transport
Oak Tree House,10810,Residential
OBS - Moscow,4600,Office
OCBC Centre Extension,13490,Office
OCT Nanjing,12700,
Octavius Street Housing,4270,Residential
Odeon 2,10220,Residential
Office Brochure,5001,Internal
Office Refurbishment,0552,Office
Office Refurbishment - Snagging SK,0553,Office
Olympia Masterplan,11500,Masterplanning
Olympic Business District,6660,Mixed Use
One Euston Royal Mail,13190,Health & Science
One Hyde Park,4470,Residential
One Hyde Park - CMT Role,4471,Residential
One Kings Cross OSD,13520,Mixed Use
One Lime Street,13075,Office
One Monte Carlo,5610,Mixed Use
One Park Taipei,5650,Residential
Ooni Campus,12895,Mixed Use
Opera House - Oslo,3140,Cultural & Leisure
Oppo Headquaters,12315,Office
Orchard Gate,6610,Mixed Use
Orchard Gate - Singapore,6610,Mixed Use
Orchard Gate Extended,12030,Residential
Orchard Gate-Singapore,6610,
Oriental One,11270,Residential
Oslo Airport Terminal 2,5550,Transport
Oslo Masterplan,3145,Masterplanning
Oslo Project,2800,
Oslo Tall Buildings,3141,Office
Oueens Dock Liverpool,1405,Masterplanning
Oxley Woods,5075,Residential
P7 - Campus De La Justicia De Madrid,5310,Transport
PA Technology,0017,Industrial
PA Technology Phase 2,0302,Industrial
Pabellon De Estado,2646,Transport
Paddington - Abortive Work,2902,Office
Paddington - MS Tenancy,2901,Office
Paddington Tower,2905,Office
Paddington Waterside,2900,Office
Paddington Waterside 2,12185,Office
Paradise Circus Birmingham,4430,Masterplanning
Parc 1 Access Studies,4022,Mixed Use
Parc 1 Hotel,4024,Mixed Use
Parc 1 Retail Interior,4023,Mixed Use
"Parc 1, Yeouido",4020,Mixed Use
ParcBIT,2210,Masterplanning
ParcBIT - Centre Building,2950,
ParcBIT - Masterplan,2215,Masterplanning
ParcBIT 2,2216,Masterplanning
ParcBIT Assessment of Development,2217,Masterplanning
ParcBIT Masterplan Ongoing Advice,2218,Masterplanning
ParcBIT Masterplan Promotion - Lectures,2219,Masterplanning
Paris Motorways 2050,12050,Transport
Park Road Development,0018,Office
Parramatta City Centre Plan,13525,Masterplanning
Partner Approved Charity work - Burundi,10210,Internal
Passeggiata,5910,Masterplanning
Passeig de Gracia 111,10830,Hotels &  Restaurants
Paternoster Square,0388,Masterplanning
Patscentre,0217,Industrial
Patscentre Biotech Plant,0308,Industrial
Pavilion Road,10050,Residential
Peabody - Soho,3560,Residential
"Pegaso Masterplan, Madrid",3910,Masterplanning
Penguin Pool Reuse,13545,Other
"Penn Plaza, New York",10520,Masterplanning
Pettman Crescent - Plumstead,4340,Residential
Piana Di Castello,2730,Masterplanning
Pilkington HQ,2520,Office
Pill Creak Housing,0019,Residential
Pill Creek Retreat,0020,Residential
Pirelli Carnival HQ,4691,Office
Pirelli Site - Southampton,4690,Masterplanning
PLACE / Ladywell,10410,Residential
Place Des Vosges,0021,Residential
PLD Demi Lune,13155,Other
PLD Jean Moulin,13150,Mixed Use
Poly - Pudong,11530,Residential
Pompidou Exhibition 2007,7104,Exhibition
Pompidou Exhibition Tour,7106,Exhibition
Pompidou SDC,13410,
Pont D' Austerlitz Paris,0580,Transport
Porcelanosa,6210,Product Design
Port Authority Bus Terminal,5560,Transport
Port Kembla,13160,Masterplanning
Porto,4490,Masterplanning
Portree Harbour Study,80008,
Potential Work - Asia Pacific (Chinese O,9110,
Potential Work - France (LLP),9130,
Potential Work - France (SARL),9130,
Potential Work - Taiwan (Chinese Office),9105,
Potsdamer Platz,1570,Masterplanning
Princes Place (Ext Phase II),0210,Office
Pritzker 2018,11590,
"Private Residence, Singapore",5150,Residential
Project Braeburn,6300,Mixed Use
Project Chandos,12070,Office
Project Chicken,12970,Industrial
Project Eiffel,12715,Office
Project Gateway,5920,Mixed Use
Project Green,10230,Office
Project Lego,12660,Office
Project Liberty,12125,Office
Project Marlin,13105,Office
Project Pearl,13570,Mixed Use
Project Port,5410,Office
Project Red,12395,Mixed Use
Project Riga,13030,Mixed Use
Project Roman,5390,Recreation
Project Stealth,12980,Office
Project Vegas,12340,Mixed Use
Project Wireless - Chelmsford,5210,Masterplanning
Project Wireless - Historic Buildings,5211,Residential
Project Zinc - London,5330,Office
Promenade du Paillon,12795,Masterplanning
Protos Additional Work,4151,Industrial
Prouve House,10270,Residential
Prudential Schools,5010,Education
Pudong Airport,4370,Transport
Pudong Airport Satellite,10140,Transport
Puerto De Vigo - Spain,5340,Masterplanning
Pusan Station,2650,Transport
Qianhai Cultural Zone Masterplan,11710,Masterplanning
Qianhai Financial Holdings Building,12615,Office
Qianhai Transport Hub,12920,Transport
Qianhai Water Pump Development,11900,Office
Qianjiang Century City J02,12535,Mixed Use
Qiantan Shanghai Pudong,10750,Residential
Qianwan Conference Centre,12195,Civic
QIC - IP Neighbourhoods,12933,
Qiddiya - EA Role,12931,Masterplanning
Qiddiya City Centre District,12930,Masterplanning
Qiddiya City Framework Plan,12960,Masterplanning
Qiddiya Optimisation,12932,Masterplanning
Qiddiya South Cliff,13235,Residential
Qiddiya Stadium,13320,Sport & Arenas
Qiddiya Uptown North,13345,Masterplanning
QIFEC,12120,Civic
Qingdao Mansions,12265,Residential
Quality Assurance,1660,Internal
R.E.A.D.,2125,
R9 Station,4200,Transport
Rabat IBN Sina Hospital,12240,Health & Science
Rabat Museum of Archaeology,12540,Cultural & Leisure
Red Lion Court,5780,Residential
Redevelopment of 4 Portal Way,11660,Residential
Regional Transit Centre - Toronto,11620,Transport
Reliance Controls,0022,Industrial
Renai - Taipei,11240,Residential
Renault - Billancourt,2340,Civic
Renewable Energy Resource Centre,2780,
RePlace,50018,Modular Housing
Repton House,50020,Modular Housing
Research Centre East Anglia,0039,R & D
Reuters Data Centre,0374,Office
Reuters Rec Centre - Add Works,1092,Office
Reuters Recreation Building,1090,Office
Reuters Roof,2630,Office
Reuters Security,1091,Office
Richard Rogers - Personal,0403,Internal
Richard Rogers Architecture Pc,0562,Other
Richard Rogers RA: Inside Out,7115,Exhibition
Richards Lordship,4444,Internal
River Cafe 2,11020,Hotels &  Restaurants
River Thames Project,1620,
Riverlight,5710,Residential
Riverside Studios,6720,Mixed Use
Riverware,0105,Internal
Rogers House,0376,Residential
Rogers' Weekend House,1350,Residential
Rome Congress Centre,2920,Civic
Romford Market Square,3590,Masterplanning
Roppongi,0516,Education
Rowan School DFM - Merton,5071,Residential
Royal Albert Docks,0364,Masterplanning
Royal College Of Art,4930,Other
Royal Docks Master Plan,0505,Masterplanning
Royal Docks Powerlines,1765,Masterplanning
Royal Docks Shopping Centre,0503,Retail
Royal Marsden Cancer Centre,13220,Health & Science
Royal Opera House,0040,Cultural & Leisure
Royal Theatre - Copenhagen,2540,Cultural & Leisure
Royals II,1760,
Roys Corner,1540,
RR + A Capital Museum - Beijing,7112,Exhibition
RR Inside Out Canongate Book,10860,Internal
RSHP Australia Regular Project,,
RSHP Studio in The Leadenhall Building,10590,Internal
RSHP TROX MSCB,11000,Product Design
RSHPx 10 Book,11310,Internal
Ruentex Lilypond,5680,Residential
Russell and Lonsdale Tower,12575,Mixed Use
S B Tower Viability,1701,Office
Saadiyat Island,10240,Mixed Use
Sabadell Cultural and Congress Centre,3800,Cultural & Leisure
Safer Cycle Pathway,12585,Civic
Sagaponac Project,3540,Masterplanning
Saint Isidore,1423,
Saitama Arena,2280,Recreation
Salerno Hospital,12130,Health & Science
Samsung D-City Masterplan,12255,Masterplanning
Samsung SEC K Phase 2,12855,Office
Samsung SEC K Project,12760,Office
San Donato - Milan,3210,Masterplanning
Santa Giulia - Milan,11520,Office
Santander Miami,5690,Office
Sanyang Rd Mixed Use,13130,Mixed Use
Sas De Securite,1123,Civic
Satellite Madrid Site,2644,Transport
Saxon Court Office,12520,Office
Saxon Court Residential,50025,Modular Housing
Sb - Alternative Scheme,1704,Office
Sb - Laing Jv,1707,Office
SBC - Bridge Studies,2243,Masterplanning
SBC Scheme Design 2,2471,Office
Scandicci Masterplan,3480,Masterplanning
Scandicci Nuovo Centro Civico,3485,Mixed Use
Science Campus Project,0023,Education
Scientific Generics,0521,Industrial
Sea Containers House,5510,Mixed Use
Seaside Housing Project,0024,Residential
Seattle,0332,Masterplanning
Seattle,1170,Hotels &  Restaurants
Seattle Hotel,1175,Hotels &  Restaurants
Senedd Expansion,13240,Civic
Senopati Development,12495,Mixed Use
Senopati Development,12495,Mixed Use
Sentul West Masterplan,5965,Masterplanning
Sentul West Residential Tower,5960,Residential
Seoul Airport,1910,Transport
Seoul Broadcasting Centre,2470,Office
Sergels Torg,2980,Masterplanning
Seven Houses - Hampstead,1631,Residential
Sewoon Sang Ga,5520,Residential
"Sewoon Sang-Ga, Seoul",4670,Mixed Use
Shanghai Expo 2010,4580,Masterplanning
Shanghai Masterplan,1950,Masterplanning
Shanghai Office,0564,Internal
Sheffield City Centre Masterplan,3190,Masterplanning
Shenzhen Grand Transport Hub,12945,Transport
Shenzhen Hong Kong Plaza,12815,Mixed Use
Shenzhen Hongkong Science Innovation C.,12505,Office
Shenzhen Opera House,12510,Cultural & Leisure
Sheraton Park Tower Hotel,5640,Hotels &  Restaurants
Shimen 1st Road Marketing Suite,13385,Other
Shimen 1st Road Tower,12190,Office
Shinkawa,0515,
Sibiu Theatre Festival,12325,Cultural & Leisure
Silvercup West Studios,3940,Mixed Use
Silvertown Docks,3370,Masterplanning
Silvertown Housing,11210,Residential
Silvertown Quays - London,6570,Masterplanning
"Simmons Electrical, Tadworth",0025,Industrial
Singapore - AWP,4260,
Singapore - Marina Bay,3630,Masterplanning
Singapore National Stadium,3810,Recreation
SJC Tower,12370,Office
Skb - Listed Building,1705,Office
Skb - Occupancy,1706,Office
Skyfarm,6480,Civic
Slough Trading Estate Masterplan,12485,Masterplanning
Smart Skyscrapers Summit,8000,
Smithkline - Beecham,1700,Office
Smithkline Beecham,1703,Office
Smithkline Beecham - Extra Work,1702,Office
Soho Generator Study,2552,Other
Soho Lettings/Tennants,2551,Office
Solidarity Transport Hub,12975,Transport
Sony - Berlin,1575,
South Crescent Feasibility,12775,Mixed Use
South Hill Jersey,12705,Residential
South Kensington Station,11460,Mixed Use
South Quay Plaza,10010,Mixed Use
Southall Gas Works,3780,Masterplanning
Southbank Centre Ii,2241,Masterplanning
Southbank Centre Iii,2244,Masterplanning
Southbank Masterplan,2240,Masterplanning
Spandau,1840,Masterplanning
Spender House,0026,Residential
Sports Centre Nagspo,0027,Recreation
Spring Gardens,13145,Office
St Lawrence Market North,6070,Civic
St Luke's Area ITT,11050,Residential
St Petersburg,2230,Masterplanning
St. Helens Square,3515,
St. Katharines Dock - Europe House,0393,Office
St. Leonards Terrace,0224,Residential
Stadium Ireland,3400,Recreation
Staff Training,0109,Internal
Stag Place,0395,Office
Stag Place Competition C,0507,Office
Stamford Road,6150,Mixed Use
Star Art Museum,12350,Cultural & Leisure
Star Island Salford,12055,Residential
Steelcase Strafor,2150,
Stephan Strasse - Frankfurt,2390,Office
Stewart Farms Modular,50033,Modular Housing
Stirling Arts Centre,80003,
Stockley Park,1025,Office
Stockley Park Scheme 2,1360,Office
Store Street - Imagination,3170,Office
Strasbourg,0620,Civic
Strasbourg B.D.H. Extension,1125,Civic
Strasbourg Expo Centre,11880,Civic
Strasbourg Forecourt,1122,Civic
Strasbourg Furniture,1121,Civic
Structural Decking Research,0028,Product Design
Stuttgart Mohringen,1780,Masterplanning
Sugar Quay,4410,Masterplanning
Sulzer Real,1810,
Sunderland Wearmouth,0029,Office
Surrey Canal Orion Site,6460,Civic
Surrey Quays,0381,Masterplanning
Sustainable Urban Form Consortium,3880,R & D
Sweetheart Plastics,0030,Industrial
Sydney CBD Metro,5940,Transport
Sydney Metro West,12480,Transport
Sydney Office,0563,Internal
SZHK Intelligent Manufacturing Park,13365,Industrial
T W Studios Architecture,0551,Office
T1 - Arrivals,2171,Transport
T1 - Domestic Reclaim,2174,Transport
T1 - Fcc Coach Station,1981,Transport
T1 - Forecourt,2172,Transport
T1 - Infill,2170,Transport
T1 - Masterplan,2173,Transport
T1 Arrivals,2400,Transport
T1 Baggage Ring Main,1988,Transport
T1 Domestic Reclaim,2420,Transport
T1 Forecourts,2410,Transport
T1 Intergraph,2430,Transport
T1 Premises Rental,1987,Transport
T4 Madrid Barajas Airport,2642,Transport
T4 Retail Study,6490,Retail
T4 Study,1982,Transport
T5 - Hangar,2290,Transport
T5 - Public Inquiry,1067,Transport
T5 Phase 2,1069,Transport
T5 Rail Study 1996,1068,Transport
Tadawul,5810,Office
Taghazout Project,3010,
Taichung Central Park Residential,13530,Residential
Taipei Fine Arts Museum,7111,Exhibition
Taipei IT Center,6000,Mixed Use
Taipei Station Competition - Taiwan,4960,Transport
Taiping Financial Centre,12260,Office
Takizawa Bridge,1940,Transport
Talgarth Road - Premier Inn,13050,
Talgarth Road Hotel,12465,
Talgarth Student Accommodation,12870,
Talgarth Student Accommodation,12870,Residential
Talgarth Student Accomodation,12780,
Talgo Manufacturing Facility,12150,Industrial
Talisker Distillery,80001,
Tall Timber Tower,12100,Other
Taoyuan Airport Control Tower,10280,Transport
Taoyuan Airport T3,10690,Transport
Taoyuan MRT Stations,12085,Transport
Targetti New Headquarters,3700,Office
Tate Bankside Masterplan,3290,Masterplanning
Tate Gallery - Arts Council,0333,Cultural & Leisure
TCB HQ- Istanbul,10870,Office
Teb - University Of Oxford,3310,Education
Techno Plaza,2081,R & D
Tel Aviv - Port,2455,Transport
Tel Aviv Metro M1 M2 M3,13295,Transport
Tenacity Macau Residential,10360,Residential
Tencent DCW Campus,12000,Mixed Use
Textipolis,0386,
Thames Barrier,1290,Transport
Thames Centre Project,0031,Office
Thames Reach Housing,0335,Residential
Thames Valley University,2180,Education
Thames Valley University 2,2185,Education
Thames Wharf Redevelopment,10250,Residential
Thames Wharf Studios,0550,Office
"The Arts Quarter, Chelmsford",3440,Masterplanning
"The Arts Quarter, Chelmsford North Site",3441,Masterplanning
The Berkeley Hotel,4800,Hotels &  Restaurants
The Berkeley Hotel,10890,Hotels &  Restaurants
The Clearings,10840,Residential
The Deck House,0360,Residential
The Deptford Project,4275,Residential
The Fourth Grace,3900,Cultural & Leisure
The Guardian,4380,Office
The Leadenhall Building,3510,Office
The Leadenhall Building Book,10640,Internal
The Line Artworks,12305,Other
The Macallan Distillery,6770,Industrial
The Millennium Dome,2611,Mixed Use
The Minories - London,5260,Residential
The Richard Rogers Drawing Gallery,6650,Cultural & Leisure
The River Cafe,4460,Hotels &  Restaurants
The River Cafe,0387,Hotels &  Restaurants
The Tea House,12555,Office
The Yards,6140,Office
Thiais - Pont de Rungis,11430,Masterplanning
Thiais E-Sports Arena,13475,Sport & Arenas
Thiais E-Sports Arena,13475,Sport & Arenas
Thiais Residential 1 and 5,13550,Residential
Third Generation Office,0032,Product Design
Tianjin Science Park Masterplan,11160,Masterplanning
Tidal Basin Pumping Station,0350,Utilities
Tingho - Dunhua Development,6810,Residential
TIQ Building S4 - Stratford,11040,Office
TIQ Building S5- Stratford,10420,Office
TIQ Building S6 - Stratford,10430,Office
TIQ Building S9 - Stratford,10450,Office
TIQ Masterplan - Moorfields,10760,Masterplanning
TMC,2760,
Toddington Manor,4880,Residential
Tokyo Forum,0512,Cultural & Leisure
Tokyo Gas Shibaura,6860,Mixed Use
Tokyo Jobs,0383,
Tokyo Mode School Competition,4745,Education
Tomigaya,0513,Office
Tomigaya - Passive Study,1650,R & D
Tomigaya - Research,1651,R & D
Toronto Movie Studios,11890,Cultural & Leisure
Toronto University ACT Building,12460,Education
Tottenham Hale International,4790,Transport
Tottori Cultural Centre,2680,Cultural & Leisure
Toulon Harbour,12245,Masterplanning
Toulon Law Courts Extension,12825,Civic
Toulouse Business School,12230,Education
Towada,2560,
Tower 1 Mansfield Road,13085,Residential
Tower 2 - Nexity,4130,Office
Tower 3 - Mutua,4140,Office
Tower 3 Mansfield Road,13010,Residential
Tower Bridge House,2110,Office
Tower Bridge House Redevelopment,13560,Office
Tower Hotel,10680,Residential
Trafalgar Square,2620,Masterplanning
Train Station - Leipzig,2190,Transport
Transbay Bus and Rail Terminal,2810,Transport
Transbay Transit Center,2815,Transport
Transfer Product Study - HAL,1880,
Transport Interchange at Terminal 5,13425,
Tree House,7116,Exhibition
Triangular Site,12415,Health & Science
Tucheng,6470,
Tuckingmill Urban Village,4590,Residential
Tulchan Estate Distillery,11830,Industrial
Turgut Plaza,6270,Mixed Use
Turku Museum of History and Future,13555,
TVU - Furniture,2182,Education
TVU - Landscape,2181,Education
TWS Public Inquiry,0554,Other
UBC University Boulevard,4900,Education
UNCLE Elephant and Castle,4640,Residential
Underground Stn - Rotes Rathaus,2021,Transport
Uni of Portsmouth,12310,Education
Uniqa - Vienna,4810,Masterplanning
"Universal Oil Products Factory, Kent",0033,Office
UOP,0034,Industrial
Up at the O2,5590,Recreation
Urban Design Research,3110,Other
Urban Design Start-Up,2835,Other
Urban Task Force,2832,Masterplanning
V O M,0371,
Val d'Oise,1870,Masterplanning
Valencia Urban Park,6250,Civic
Valentine Place,3500,Office
Vanke DongGuan WSD,12860,Mixed Use
Vanke Dupont Shenzhen,13375,Masterplanning
Vanke Shanghai Exhibition,7118,
Vaulx En Velin,0392,
"Vega Baja Museum, Toledo",6050,Cultural & Leisure
Venice,1310,Masterplanning
Venice - Biennale,1600,Exhibition
Venice Biennale,7103,Exhibition
Venue Tokyo,2370,Recreation
Verona - CIS Ex Officine Adige,4090,Masterplanning
Viareggio,2840,Masterplanning
Viareggio Bridge,2845,Masterplanning
Victoria Cross Station and OSD,11730,Transport
Victoria Harbour,5870,Masterplanning
Vienna Twin Towers,2050,Office
Viladecans - Bitagora,3531,Office
Viladecans Business Park,3530,Office
Viladecans Industrial Park,3532,Industrial
Vitrolles,1580,
Vivaldi Park - Amsterdam,5170,Masterplanning
Vr Techno - Artwork,2083,R & D
Vr Techno - Entrance Gate,2084,R & D
Vr Techno - Furniture,2082,R & D
Vr Techno Centre - Masterplan,2080,Masterplanning
W38 Street Eleventh Ave,12805,Office
Wandsworth Capital Studios,4480,Office
Ward Village Hawaii,10600,Residential
Warwick University SSGC,13305,Education
Washington Convention Centre,4250,Civic
Water Canal Peninsula,13230,Mixed Use
Water City - Olympics,3550,Masterplanning
Waterloo District Renewal,13360,Masterplanning
Waterloo District Renewal,13360,Masterplanning
Waterman Partnership,1967,
Waterworks - River Projects,2249,Masterplanning
Wates Housing,0035,Residential
Wates Wales Modular,50035,Modular Housing
Watts Grove,6500,Residential
Wellcome Beckenham,0369,Masterplanning
Wellcome Foundation,0322,R & D
Wembley - Arena Square,3861,Masterplanning
Wembley - Car and Coach Park,3863,Masterplanning
Wembley - Development Strategy Phase 1,3866,Masterplanning
Wembley - Infrastructure Development,3862,Masterplanning
Wembley - Planning Nursing,3864,Masterplanning
Wembley - Planning Preparation,3869,Masterplanning
Wembley - W03 Olympic Steps,3867,Masterplanning
Wembley - West Masterplan re-design,3868,Masterplanning
Wembley Masterplan,3860,Masterplanning
Wembley World,3090,Cultural & Leisure
West Kowloon Cultural District,5700,Masterplanning
West Sussex Developments,13200,Other
Western Sydney Airport,11930,
Western Sydney Airport,11930,Transport
Westfield Les 4 Temps,12435,Mixed Use
Westway,12880,
WeWork,8000,
White City Community Centre,4785,Health & Science
Whittington Avenue,0306,Office
William Sale Partnership,1986,
Williams Group City Fringe Developments,10020,Masterplanning
Wilton Road,13125,Mixed Use
Wimbledon Houses,4770,Residential
Winerthur Road,13510,Mixed Use
Wolfson Economics Prize 2021,12840,Health & Science
Wood Wharf,4660,Masterplanning
Wood Wharf Revision,4665,Masterplanning
Woolston Riverside,4330,Masterplanning
Wordsworth Avenue,50012,Modular Housing
WTC Tower 3 - Additional Study,5278,Office
WTC Tower 3 - Lehman Brothers,5276,Office
WTC Tower 3 - Merrill Lynch,5275,Office
WTC Tower 3 - Project X,5277,Office
WTC Tower 3 - UBS Study,5279,Office
Wuhan Sanyang Road,12950,Residential
Wycombe Bellfield Road,50010,Modular Housing
Xian CCBD,12560,Mixed Use
Y Cube,10260,Residential
Y-Cube Feasibility Studies,11110,Residential
Ykk Exhibition,7101,Exhibition
YMCA,5900,Residential
YMCA (RD),10980,Residential
YMCA Romford,11950,Residential
Yoido - Expenses Ahyeon And Ji,4021,Mixed Use
Yokohama Port Terminal,2270,Transport
Yonezawa,2710,
Yorke Mason House,0036,Residential
Yunity City,13040,Mixed Use
Z O O Fenster Building - Berlin,1500,Office
Zara Via Corso,5930,Retail
Zaragoza Expo Bridge,5090,Transport
Zhaode Beijing,6830,Residential
Zhengzhou Airport Economy Zone,13260,Transport
Zhengzhou Convention Centre P2,13575,Mixed Use
Zhuhai Border Crossing Development - NAB,11910,Mixed Use
Zhuhai Border Crossing Development GAZ,11911,Mixed Use
Zhuhai Hongwan Development,11960,Retail
Zhuhai Masterplan,10790,Masterplanning
ZipUp House,0037,Residential
Zoofenster,1505,Office
Zurich Airport,2570,Transport
Zurich Airport,12470,Transport
